task,seed,score
rte,0,0.8772563176895307
rte,1,0.851985559566787
rte,2,0.855595667870036
rte,3,0.8483754512635379
rte,4,0.8411552346570397